list_name,name,label::Français (fr),label::English (en)
l__evt__contexte,evenement,Un événement,An event
l__evt__contexte,hors_evenement,Hors événement,No event
l__evt__contexte,indetermine,Je ne sais pas,I don't know
l__evt__type,defile,Défilé,Parade
l__evt__type,meeting,Meeting,Rally
l__evt__type,porte_a_porte,Porte-à-porte,Door-to-door
l__evt__type,combinaison,Combinaison,Combination
l__evt__echelle,quartier,Quartier,Neighbourhood
l__evt__echelle,commune,Commune,Municipality
l__evt__echelle,ville,Ville,City
l__evt__echelle,region,Région,Region
l__vehicules__source,vu,Je le vois,I can see it
l__vehicules__source,dit,"On me l'a dit, ou je l'ai lu","I was told, or read it"
l__vehicules__source,pas_vu,Je ne le vois pas,I cannot see it
l__vehicules__vue_portee,complete,Tout le dispositif,All of it
l__vehicules__vue_portee,partielle,Une partie seulement,Only part of it
l__vehicules__rapporte,participant,Un participant,A participant
l__vehicules__rapporte,organisateur,Un organisateur,An organiser
l__vehicules__rapporte,fournisseur,Un fournisseur ou prestataire,A supplier or vendor
l__vehicules__rapporte,document,Un document,A document
l__vehicules__absent,absent,Il n'y en a pas,There is none
l__vehicules__absent,hors_champ,Hors de ma vue,Out of my sight
l__vehicules__absent,indetermine,Je ne peux pas dire,I cannot tell
l__vehicules__deja_vus,oui,"Oui, sur un autre événement","Yes, at another event"
l__vehicules__deja_vus,non,Non,No
l__vehicules__deja_vus,nsp,Je ne sais pas,I don't know
l__vehicules__confiance,sur,Sûr,Sure
l__vehicules__confiance,assez,Assez sûr,Fairly sure
l__vehicules__confiance,peu,Peu sûr,Not sure
l__fournisseur_lien,candidat,Lié au candidat,Linked to the candidate
l__fournisseur_lien,parti,Lié au parti,Linked to the party
l__fournisseur_lien,aucun_lien_declare,Aucun lien déclaré,No declared link
l__fournisseur_lien,inconnu,Je ne sais pas,I don't know
l__fournisseur_lien,non_recueilli,Non recueilli,Not collected
l__origine,observe,Observé,Observed
l__origine,rapporte,Rapporté,Reported
l__contrepartie,facture,Facturé,Invoiced
l__contrepartie,offert,Offert,Free of charge
l__contrepartie,partiellement_offert,Partiellement offert,Partly free
l__contrepartie,inconnue,Je ne sais pas,I don't know
l__contrepartie,non_recueillie,Non recueillie,Not collected
l__reglement,regle,Réglé,Paid
l__reglement,partiellement_regle,Partiellement réglé,Partly paid
l__reglement,non_regle,Non réglé,Not paid
l__reglement,inconnu,Je ne sais pas,I don't know
l__reglement,non_recueilli,Non recueilli,Not collected
l__chaises__source,vu,Je le vois,I can see it
l__chaises__source,dit,"On me l'a dit, ou je l'ai lu","I was told, or read it"
l__chaises__source,pas_vu,Je ne le vois pas,I cannot see it
l__chaises__vue_portee,complete,Tout le dispositif,All of it
l__chaises__vue_portee,partielle,Une partie seulement,Only part of it
l__chaises__rapporte,participant,Un participant,A participant
l__chaises__rapporte,organisateur,Un organisateur,An organiser
l__chaises__rapporte,fournisseur,Un fournisseur ou prestataire,A supplier or vendor
l__chaises__rapporte,document,Un document,A document
l__chaises__absent,absent,Il n'y en a pas,There is none
l__chaises__absent,hors_champ,Hors de ma vue,Out of my sight
l__chaises__absent,indetermine,Je ne peux pas dire,I cannot tell
l__chaises__categorie,standard,Standard,Standard
l__chaises__categorie,vip,VIP,VIP
l__chaises__categorie,mixte,Les deux,Both
l__chaises__confiance,sur,Sûr,Sure
l__chaises__confiance,assez,Assez sûr,Fairly sure
l__chaises__confiance,peu,Peu sûr,Not sure
l__foule__source,vu,Je le vois,I can see it
l__foule__source,dit,"On me l'a dit, ou je l'ai lu","I was told, or read it"
l__foule__source,pas_vu,Je ne le vois pas,I cannot see it
l__foule__vue_portee,complete,Tout le dispositif,All of it
l__foule__vue_portee,partielle,Une partie seulement,Only part of it
l__foule__rapporte,participant,Un participant,A participant
l__foule__rapporte,organisateur,Un organisateur,An organiser
l__foule__rapporte,fournisseur,Un fournisseur ou prestataire,A supplier or vendor
l__foule__rapporte,document,Un document,A document
l__foule__absent,absent,Il n'y en a pas,There is none
l__foule__absent,hors_champ,Hors de ma vue,Out of my sight
l__foule__absent,indetermine,Je ne peux pas dire,I cannot tell
l__foule__entrer,oui,Oui,Yes
l__foule__entrer,non,Non,No
l__foule__type_lieu,place,Place,Square
l__foule__type_lieu,rue,Rue,Street
l__foule__type_lieu,stade,Stade,Stadium
l__foule__type_lieu,salle,Salle,Hall
l__foule__type_lieu,terrain,Terrain,Open ground
l__foule__longueur,50,50 m,50 m
l__foule__longueur,100,100 m,100 m
l__foule__longueur,200,200 m,200 m
l__foule__longueur,400,400 m,400 m
l__foule__largeur,10,10 m,10 m
l__foule__largeur,20,20 m,20 m
l__foule__largeur,40,40 m,40 m
l__foule__largeur,80,80 m,80 m
l__foule__part,25,25 %,25 %
l__foule__part,50,50 %,50 %
l__foule__part,75,75 %,75 %
l__foule__part,100,100 %,100 %
l__foule__gene,1,Aucune (~1 pers./m²),None (~1 pers./m²)
l__foule__gene,2,On se frôle (~2 pers./m²),Brushing past (~2 pers./m²)
l__foule__gene,4,Bloqué (~4 pers./m²),Stuck (~4 pers./m²)
l__foule__intervalle,moins_500,Moins de 500,Under 500
l__foule__intervalle,500_2000,500 à 2 000,"500 to 2,000"
l__foule__intervalle,2000_5000,2 000 à 5 000,"2,000 to 5,000"
l__foule__intervalle,5000_10000,5 000 à 10 000,"5,000 to 10,000"
l__foule__intervalle,plus_10000,Plus de 10 000,"Over 10,000"
l__foule__confiance,sur,Sûr,Sure
l__foule__confiance,assez,Assez sûr,Fairly sure
l__foule__confiance,peu,Peu sûr,Not sure
l__objets__source,vu,Je le vois,I can see it
l__objets__source,dit,"On me l'a dit, ou je l'ai lu","I was told, or read it"
l__objets__source,pas_vu,Je ne le vois pas,I cannot see it
l__objets__vue_portee,complete,Tout le dispositif,All of it
l__objets__vue_portee,partielle,Une partie seulement,Only part of it
l__objets__rapporte,participant,Un participant,A participant
l__objets__rapporte,organisateur,Un organisateur,An organiser
l__objets__rapporte,fournisseur,Un fournisseur ou prestataire,A supplier or vendor
l__objets__rapporte,document,Un document,A document
l__objets__absent,absent,Il n'y en a pas,There is none
l__objets__absent,hors_champ,Hors de ma vue,Out of my sight
l__objets__absent,indetermine,Je ne peux pas dire,I cannot tell
l__objets__objet,tshirts,"T-shirts, casquettes","T-shirts, caps"
l__objets__objet,tracts,Tracts,Leaflets
l__objets__objet,nourriture,"Nourriture, boissons","Food, drinks"
l__objets__objet,argent,Argent,Money
l__objets__objet,pagnes,Pagnes,Wax fabric
l__objets__objet,parapluies,Parapluies,Umbrellas
l__objets__dispersion,oui,Oui,Yes
l__objets__dispersion,pas_encore,Pas encore,Not yet
l__objets__confiance,sur,Sûr,Sure
l__objets__confiance,assez,Assez sûr,Fairly sure
l__objets__confiance,peu,Peu sûr,Not sure
l__sono__source,vu,Je le vois,I can see it
l__sono__source,dit,"On me l'a dit, ou je l'ai lu","I was told, or read it"
l__sono__source,pas_vu,Je ne le vois pas,I cannot see it
l__sono__vue_portee,complete,Tout le dispositif,All of it
l__sono__vue_portee,partielle,Une partie seulement,Only part of it
l__sono__rapporte,participant,Un participant,A participant
l__sono__rapporte,organisateur,Un organisateur,An organiser
l__sono__rapporte,fournisseur,Un fournisseur ou prestataire,A supplier or vendor
l__sono__rapporte,document,Un document,A document
l__sono__absent,absent,Il n'y en a pas,There is none
l__sono__absent,hors_champ,Hors de ma vue,Out of my sight
l__sono__absent,indetermine,Je ne peux pas dire,I cannot tell
l__sono__largeur_estrade,4,4 m,4 m
l__sono__largeur_estrade,8,8 m,8 m
l__sono__largeur_estrade,12,12 m,12 m
l__sono__largeur_estrade,16,16 m,16 m
l__sono__profondeur,3,3 m,3 m
l__sono__profondeur,6,6 m,6 m
l__sono__profondeur,9,9 m,9 m
l__sono__classe_sono,a,A · petite,A · small
l__sono__classe_sono,b,B · moyenne,B · medium
l__sono__classe_sono,c,C · grande,C · large
l__sono__operateur,oui,Oui,Yes
l__sono__operateur,non,Non,No
l__sono__confiance,sur,Sûr,Sure
l__sono__confiance,assez,Assez sûr,Fairly sure
l__sono__confiance,peu,Peu sûr,Not sure
l__services__source,vu,Je le vois,I can see it
l__services__source,dit,"On me l'a dit, ou je l'ai lu","I was told, or read it"
l__services__source,pas_vu,Je ne le vois pas,I cannot see it
l__services__vue_portee,complete,Tout le dispositif,All of it
l__services__vue_portee,partielle,Une partie seulement,Only part of it
l__services__rapporte,participant,Un participant,A participant
l__services__rapporte,organisateur,Un organisateur,An organiser
l__services__rapporte,fournisseur,Un fournisseur ou prestataire,A supplier or vendor
l__services__rapporte,document,Un document,A document
l__services__absent,absent,Il n'y en a pas,There is none
l__services__absent,hors_champ,Hors de ma vue,Out of my sight
l__services__absent,indetermine,Je ne peux pas dire,I cannot tell
l__services__comptable,oui,Oui,Yes
l__services__comptable,non,Non,No
l__services__espacement,2,2 m,2 m
l__services__espacement,5,5 m,5 m
l__services__espacement,10,10 m,10 m
l__services__longueur_cordon,20,20 m,20 m
l__services__longueur_cordon,50,50 m,50 m
l__services__longueur_cordon,100,100 m,100 m
l__services__longueur_cordon,200,200 m,200 m
l__services__confiance,sur,Sûr,Sure
l__services__confiance,assez,Assez sûr,Fairly sure
l__services__confiance,peu,Peu sûr,Not sure
l__artistes__source,vu,Je le vois,I can see it
l__artistes__source,dit,"On me l'a dit, ou je l'ai lu","I was told, or read it"
l__artistes__source,pas_vu,Je ne le vois pas,I cannot see it
l__artistes__vue_portee,complete,Tout le dispositif,All of it
l__artistes__vue_portee,partielle,Une partie seulement,Only part of it
l__artistes__rapporte,participant,Un participant,A participant
l__artistes__rapporte,organisateur,Un organisateur,An organiser
l__artistes__rapporte,fournisseur,Un fournisseur ou prestataire,A supplier or vendor
l__artistes__rapporte,document,Un document,A document
l__artistes__absent,absent,Il n'y en a pas,There is none
l__artistes__absent,hors_champ,Hors de ma vue,Out of my sight
l__artistes__absent,indetermine,Je ne peux pas dire,I cannot tell
l__artistes__notoriete,locale,Locale,Local
l__artistes__notoriete,nationale,Nationale,National
l__artistes__notoriete,internationale,Internationale,International
l__artistes__confiance,sur,Sûr,Sure
l__artistes__confiance,assez,Assez sûr,Fairly sure
l__artistes__confiance,peu,Peu sûr,Not sure
l__imprimes__source,vu,Je le vois,I can see it
l__imprimes__source,dit,"On me l'a dit, ou je l'ai lu","I was told, or read it"
l__imprimes__source,pas_vu,Je ne le vois pas,I cannot see it
l__imprimes__vue_portee,complete,Tout le dispositif,All of it
l__imprimes__vue_portee,partielle,Une partie seulement,Only part of it
l__imprimes__rapporte,participant,Un participant,A participant
l__imprimes__rapporte,organisateur,Un organisateur,An organiser
l__imprimes__rapporte,fournisseur,Un fournisseur ou prestataire,A supplier or vendor
l__imprimes__rapporte,document,Un document,A document
l__imprimes__absent,absent,Il n'y en a pas,There is none
l__imprimes__absent,hors_champ,Hors de ma vue,Out of my sight
l__imprimes__absent,indetermine,Je ne peux pas dire,I cannot tell
l__imprimes__confiance,sur,Sûr,Sure
l__imprimes__confiance,assez,Assez sûr,Fairly sure
l__imprimes__confiance,peu,Peu sûr,Not sure
