type,name,label::Français (fr),label::English (en),hint::Français (fr),hint::English (en),required,relevant,constraint,calculation
start,start,,,,,,,,
end,end,,,,,,,,
text,code_collecteur,Code collecteur,Collector code,,,,,,
text,protocole,Protocole,Protocol,,,,false(),,
begin_group,evenement,Événement,Event,,,,,,
select_one l__evt__type,evt__type,Type d'événement,Event type,,,yes,,,
select_one l__evt__echelle,evt__echelle,Échelle du lieu,Venue scale,,,yes,,,
text,evt__lieu,"Lieu (facultatif, sans coordonnées GPS)","Place (optional, no GPS coordinates)",,,,,,
end_group,evenement,,,,,,,,
begin_group,p__vehicules,Véhicules,Vehicles,,,,,,
select_one l__vehicules__source,vehicules__source,Comment connaissez-vous ce poste ?,How do you know about this item?,"Répondez pour ce que vous savez maintenant, sur place.","Answer for what you know now, on site.",yes,,,
integer,vehicules__m_grand_bus,Grand bus,Large bus,"Affiche, autocollant ou couleurs du candidat. Ils arrivent par deux ou trois : on les compte.","Poster, sticker or candidate colours. They come in twos or threes: count them.",yes,${vehicules__source} = 'vu',. >= 0,
integer,vehicules__m_minibus,Minibus,Minibus,"Affiche, autocollant ou couleurs du candidat. Ils arrivent par deux ou trois : on les compte.","Poster, sticker or candidate colours. They come in twos or threes: count them.",yes,${vehicules__source} = 'vu',. >= 0,
integer,vehicules__m_4x4,4x4,4x4,"Affiche, autocollant ou couleurs du candidat. Ils arrivent par deux ou trois : on les compte.","Poster, sticker or candidate colours. They come in twos or threes: count them.",yes,${vehicules__source} = 'vu',. >= 0,
integer,vehicules__m_voiture,Voiture légère,Car,"Affiche, autocollant ou couleurs du candidat. Ils arrivent par deux ou trois : on les compte.","Poster, sticker or candidate colours. They come in twos or threes: count them.",yes,${vehicules__source} = 'vu',. >= 0,
integer,vehicules__m_moto,Moto,Motorbike,"Affiche, autocollant ou couleurs du candidat. Ils arrivent par deux ou trois : on les compte.","Poster, sticker or candidate colours. They come in twos or threes: count them.",yes,${vehicules__source} = 'vu',. >= 0,
select_one l__vehicules__rapporte,vehicules__rapporte,Qui vous l'a dit ?,Who told you?,Vous ne cherchez pas plus loin : la ligne part chez un analyste.,Do not investigate further: the line goes to an analyst.,yes,${vehicules__source} = 'dit',,
select_one l__vehicules__absent,vehicules__absent,"Est-ce absent, ou hors de votre vue ?","Is it absent, or out of sight?",Un objet masqué ou hors champ n'est pas un zéro.,Something hidden or out of frame is not a zero.,yes,${vehicules__source} = 'pas_vu',,
integer,vehicules__u_grand_bus,Grand bus,Large bus,"Ceux qui semblent liés à l'événement, sans marquage visible.","Those that seem linked to the event, with no visible branding.",yes,${vehicules__source} = 'vu',. >= 0,
integer,vehicules__u_minibus,Minibus,Minibus,"Ceux qui semblent liés à l'événement, sans marquage visible.","Those that seem linked to the event, with no visible branding.",yes,${vehicules__source} = 'vu',. >= 0,
integer,vehicules__u_4x4,4x4,4x4,"Ceux qui semblent liés à l'événement, sans marquage visible.","Those that seem linked to the event, with no visible branding.",yes,${vehicules__source} = 'vu',. >= 0,
integer,vehicules__u_voiture,Voiture légère,Car,"Ceux qui semblent liés à l'événement, sans marquage visible.","Those that seem linked to the event, with no visible branding.",yes,${vehicules__source} = 'vu',. >= 0,
integer,vehicules__u_moto,Moto,Motorbike,"Ceux qui semblent liés à l'événement, sans marquage visible.","Those that seem linked to the event, with no visible branding.",yes,${vehicules__source} = 'vu',. >= 0,
select_one l__vehicules__deja_vus,vehicules__deja_vus,Avez-vous déjà vu ces véhicules ailleurs aujourd'hui ?,Have you seen these vehicles elsewhere today?,Pour éviter qu'un convoi soit compté sur chaque événement qu'il traverse.,So that a convoy is not counted at every event it passes through.,yes,${vehicules__source} = 'vu',,
select_one l__vehicules__confiance,vehicules__confiance,Êtes-vous sûr de votre relevé ?,How sure are you of this record?,Question séparée de la provenance : on peut avoir vu et douter du nombre.,Separate from the source: you can have seen it and still doubt the number.,yes,((${vehicules__source} = 'vu') and (${vehicules__deja_vus} = 'oui')) or ((${vehicules__source} = 'vu') and (${vehicules__deja_vus} = 'non')) or ((${vehicules__source} = 'vu') and (${vehicules__deja_vus} = 'nsp')),,
calculate,vehicules__total_marques,,,,,,,,"(if(string-length(${vehicules__m_grand_bus}) = 0, 0, number(${vehicules__m_grand_bus})) + if(string-length(${vehicules__m_minibus}) = 0, 0, number(${vehicules__m_minibus})) + if(string-length(${vehicules__m_4x4}) = 0, 0, number(${vehicules__m_4x4})) + if(string-length(${vehicules__m_voiture}) = 0, 0, number(${vehicules__m_voiture})) + if(string-length(${vehicules__m_moto}) = 0, 0, number(${vehicules__m_moto})))"
calculate,vehicules__total_non_marques,,,,,,,,"(if(string-length(${vehicules__u_grand_bus}) = 0, 0, number(${vehicules__u_grand_bus})) + if(string-length(${vehicules__u_minibus}) = 0, 0, number(${vehicules__u_minibus})) + if(string-length(${vehicules__u_4x4}) = 0, 0, number(${vehicules__u_4x4})) + if(string-length(${vehicules__u_voiture}) = 0, 0, number(${vehicules__u_voiture})) + if(string-length(${vehicules__u_moto}) = 0, 0, number(${vehicules__u_moto})))"
calculate,vehicules__prov,,,,,,,,"if(${vehicules__source} = 'vu', 'C', if(${vehicules__source} = 'dit', 'E', if(${vehicules__absent} = 'absent', 'C', if(${vehicules__absent} = 'hors_champ', 'N', ''))))"
calculate,vehicules__analyste,,,,,,,,"if(${vehicules__prov} = 'E' or ${vehicules__confiance} = 'peu', 'oui', 'non')"
text,vehicules__chemin,Chemin suivi,Path taken,,,,false(),,
text,vehicules__affichage,Résumé,Summary,,,,false(),,
end_group,p__vehicules,,,,,,,,
begin_group,p__chaises,Chaises,Chairs,,,,,,
select_one l__chaises__source,chaises__source,Comment connaissez-vous ce poste ?,How do you know about this item?,"Répondez pour ce que vous savez maintenant, sur place.","Answer for what you know now, on site.",yes,,,
select_one l__chaises__vue,chaises__vue,Voyez-vous toutes les rangées ?,Can you see all the rows?,Les chaises ne se comptent pas une par une : on relève la structure.,Chairs are not counted one by one: record the layout.,yes,${chaises__source} = 'vu',,
select_one l__chaises__rapporte,chaises__rapporte,Qui vous l'a dit ?,Who told you?,Vous ne cherchez pas plus loin : la ligne part chez un analyste.,Do not investigate further: the line goes to an analyst.,yes,${chaises__source} = 'dit',,
select_one l__chaises__absent,chaises__absent,"Est-ce absent, ou hors de votre vue ?","Is it absent, or out of sight?",Un objet masqué ou hors champ n'est pas un zéro.,Something hidden or out of frame is not a zero.,yes,${chaises__source} = 'pas_vu',,
integer,chaises__rangees,Rangées,Rows,Estimation structurée : l'analyste déduit la quantité.,Structured estimate: the analyst derives the quantity.,yes,((${chaises__source} = 'vu') and (${chaises__vue} = 'toutes')) or ((${chaises__source} = 'vu') and (${chaises__vue} = 'partie')),. >= 0,
integer,chaises__par_rangee,Chaises par rangée,Chairs per row,Estimation structurée : l'analyste déduit la quantité.,Structured estimate: the analyst derives the quantity.,yes,((${chaises__source} = 'vu') and (${chaises__vue} = 'toutes')) or ((${chaises__source} = 'vu') and (${chaises__vue} = 'partie')),. >= 0,
select_one l__chaises__categorie,chaises__categorie,Catégorie,Category,Estimation structurée : l'analyste déduit la quantité.,Structured estimate: the analyst derives the quantity.,yes,((${chaises__source} = 'vu') and (${chaises__vue} = 'toutes')) or ((${chaises__source} = 'vu') and (${chaises__vue} = 'partie')),,
select_one l__chaises__confiance,chaises__confiance,Êtes-vous sûr de votre relevé ?,How sure are you of this record?,Question séparée de la provenance : on peut avoir vu et douter du nombre.,Separate from the source: you can have seen it and still doubt the number.,yes,((${chaises__source} = 'vu') and (${chaises__vue} = 'toutes')) or ((${chaises__source} = 'vu') and (${chaises__vue} = 'partie')),,
calculate,chaises__total_chaises,,,,,,,,(number(${chaises__rangees}) * number(${chaises__par_rangee}))
calculate,chaises__prov,,,,,,,,"if(${chaises__source} = 'vu', 'C', if(${chaises__source} = 'dit', 'E', if(${chaises__absent} = 'absent', 'C', if(${chaises__absent} = 'hors_champ', 'N', ''))))"
calculate,chaises__partiel,,,,,,,,"if(${chaises__vue} = 'toutes', 'non', if(${chaises__vue} = 'partie', 'oui', ''))"
calculate,chaises__analyste,,,,,,,,"if(${chaises__prov} = 'E' or ${chaises__confiance} = 'peu', 'oui', 'non')"
text,chaises__chemin,Chemin suivi,Path taken,,,,false(),,
text,chaises__affichage,Résumé,Summary,,,,false(),,
end_group,p__chaises,,,,,,,,
begin_group,p__foule,Foule,Crowd,,,,,,
select_one l__foule__source,foule__source,Comment connaissez-vous ce poste ?,How do you know about this item?,"Répondez pour ce que vous savez maintenant, sur place.","Answer for what you know now, on site.",yes,,,
select_one l__foule__entrer,foule__entrer,Pouvez-vous entrer dans la foule ?,Can you move through the crowd?,La chaîne de mesures suppose de pouvoir s'y déplacer sans risque.,The measurement chain requires moving through it safely.,yes,${foule__source} = 'vu',,
select_one l__foule__rapporte,foule__rapporte,Qui vous l'a dit ?,Who told you?,Vous ne cherchez pas plus loin : la ligne part chez un analyste.,Do not investigate further: the line goes to an analyst.,yes,${foule__source} = 'dit',,
select_one l__foule__absent,foule__absent,"Est-ce absent, ou hors de votre vue ?","Is it absent, or out of sight?",Un objet masqué ou hors champ n'est pas un zéro.,Something hidden or out of frame is not a zero.,yes,${foule__source} = 'pas_vu',,
select_one l__foule__type_lieu,foule__type_lieu,Type de lieu,Type of venue,Aucun effectif à deviner : il est calculé.,No headcount to guess: it is calculated.,yes,(${foule__source} = 'vu') and (${foule__entrer} = 'oui'),,
select_one l__foule__longueur,foule__longueur,Longueur,Length,Aucun effectif à deviner : il est calculé.,No headcount to guess: it is calculated.,yes,(${foule__source} = 'vu') and (${foule__entrer} = 'oui'),,
select_one l__foule__largeur,foule__largeur,Largeur,Width,Aucun effectif à deviner : il est calculé.,No headcount to guess: it is calculated.,yes,(${foule__source} = 'vu') and (${foule__entrer} = 'oui'),,
select_one l__foule__part,foule__part,Part réellement occupée,Share actually occupied,Aucun effectif à deviner : il est calculé.,No headcount to guess: it is calculated.,yes,(${foule__source} = 'vu') and (${foule__entrer} = 'oui'),,
select_one l__foule__gene,foule__gene,Gêne à se déplacer,Difficulty moving,Aucun effectif à deviner : il est calculé.,No headcount to guess: it is calculated.,yes,(${foule__source} = 'vu') and (${foule__entrer} = 'oui'),,
select_one l__foule__intervalle,foule__intervalle,Dernier recours : choisissez un intervalle.,Last resort: pick a range.,"Échelle propre à la foule, à n'utiliser que si la chaîne de mesures est impossible.","Crowd-specific scale, only when the measurement chain is impossible.",yes,(${foule__source} = 'vu') and (${foule__entrer} = 'non'),,
select_one l__foule__confiance,foule__confiance,Êtes-vous sûr de votre relevé ?,How sure are you of this record?,Question séparée de la provenance : on peut avoir vu et douter du nombre.,Separate from the source: you can have seen it and still doubt the number.,yes,((${foule__source} = 'vu') and (${foule__entrer} = 'oui')) or (((${foule__source} = 'vu') and (${foule__entrer} = 'non')) and (${foule__intervalle} = 'moins_500')) or (((${foule__source} = 'vu') and (${foule__entrer} = 'non')) and (${foule__intervalle} = '500_2000')) or (((${foule__source} = 'vu') and (${foule__entrer} = 'non')) and (${foule__intervalle} = '2000_5000')) or (((${foule__source} = 'vu') and (${foule__entrer} = 'non')) and (${foule__intervalle} = '5000_10000')) or (((${foule__source} = 'vu') and (${foule__entrer} = 'non')) and (${foule__intervalle} = 'plus_10000')),,
calculate,foule__surface,,,,,,,,(number(${foule__longueur}) * number(${foule__largeur}))
calculate,foule__estimation,,,,,,,,((((number(${foule__longueur}) * number(${foule__largeur})) * number(${foule__part})) div 100) * number(${foule__gene}))
calculate,foule__prov,,,,,,,,"if(${foule__source} = 'vu', 'C', if(${foule__source} = 'dit', 'E', if(${foule__absent} = 'absent', 'C', if(${foule__absent} = 'hors_champ', 'N', ''))))"
calculate,foule__analyste,,,,,,,,"if(${foule__prov} = 'E' or ${foule__confiance} = 'peu', 'oui', 'non')"
text,foule__chemin,Chemin suivi,Path taken,,,,false(),,
text,foule__affichage,Résumé,Summary,,,,false(),,
end_group,p__foule,,,,,,,,
begin_group,p__objets,Objets distribués,Distributed items,,,,,,
select_one l__objets__source,objets__source,Comment connaissez-vous ce poste ?,How do you know about this item?,"Répondez pour ce que vous savez maintenant, sur place.","Answer for what you know now, on site.",yes,,,
select_one l__objets__objet,objets__objet,Quel objet est distribué ?,What item is distributed?,Un objet par observation. Les tracts se relèvent ici.,One item per observation. Leaflets go here.,yes,${objets__source} = 'vu',,
select_one l__objets__rapporte,objets__rapporte,Qui vous l'a dit ?,Who told you?,Vous ne cherchez pas plus loin : la ligne part chez un analyste.,Do not investigate further: the line goes to an analyst.,yes,${objets__source} = 'dit',,
select_one l__objets__absent,objets__absent,"Est-ce absent, ou hors de votre vue ?","Is it absent, or out of sight?",Un objet masqué ou hors champ n'est pas un zéro.,Something hidden or out of frame is not a zero.,yes,${objets__source} = 'pas_vu',,
select_one l__objets__dispersion,objets__dispersion,La distribution s'est-elle dispersée dans la foule ?,Has the distribution spread through the crowd?,"Trop tôt, on mesure la file d'attente et non l'assistance.","Too early and you measure the queue, not the audience.",yes,((${objets__source} = 'vu') and (${objets__objet} = 'tshirts')) or ((${objets__source} = 'vu') and (${objets__objet} = 'tracts')) or ((${objets__source} = 'vu') and (${objets__objet} = 'nourriture')) or ((${objets__source} = 'vu') and (${objets__objet} = 'argent')) or ((${objets__source} = 'vu') and (${objets__objet} = 'pagnes')) or ((${objets__source} = 'vu') and (${objets__objet} = 'parapluies')),,
integer,objets__g1,Groupe 1 · avant,Group 1 · front,"Répartis à l'avant, au milieu et à l'arrière. Combien portent, tiennent ou ont reçu l'objet ?","Spread across front, middle and back. How many wear, hold or received the item?",yes,(((${objets__source} = 'vu') and (${objets__objet} = 'tshirts')) or ((${objets__source} = 'vu') and (${objets__objet} = 'tracts')) or ((${objets__source} = 'vu') and (${objets__objet} = 'nourriture')) or ((${objets__source} = 'vu') and (${objets__objet} = 'argent')) or ((${objets__source} = 'vu') and (${objets__objet} = 'pagnes')) or ((${objets__source} = 'vu') and (${objets__objet} = 'parapluies'))) and (${objets__dispersion} = 'oui'),. <= 10,
integer,objets__g2,Groupe 2 · avant,Group 2 · front,"Répartis à l'avant, au milieu et à l'arrière. Combien portent, tiennent ou ont reçu l'objet ?","Spread across front, middle and back. How many wear, hold or received the item?",yes,(((${objets__source} = 'vu') and (${objets__objet} = 'tshirts')) or ((${objets__source} = 'vu') and (${objets__objet} = 'tracts')) or ((${objets__source} = 'vu') and (${objets__objet} = 'nourriture')) or ((${objets__source} = 'vu') and (${objets__objet} = 'argent')) or ((${objets__source} = 'vu') and (${objets__objet} = 'pagnes')) or ((${objets__source} = 'vu') and (${objets__objet} = 'parapluies'))) and (${objets__dispersion} = 'oui'),. <= 10,
integer,objets__g3,Groupe 3 · milieu,Group 3 · middle,"Répartis à l'avant, au milieu et à l'arrière. Combien portent, tiennent ou ont reçu l'objet ?","Spread across front, middle and back. How many wear, hold or received the item?",yes,(((${objets__source} = 'vu') and (${objets__objet} = 'tshirts')) or ((${objets__source} = 'vu') and (${objets__objet} = 'tracts')) or ((${objets__source} = 'vu') and (${objets__objet} = 'nourriture')) or ((${objets__source} = 'vu') and (${objets__objet} = 'argent')) or ((${objets__source} = 'vu') and (${objets__objet} = 'pagnes')) or ((${objets__source} = 'vu') and (${objets__objet} = 'parapluies'))) and (${objets__dispersion} = 'oui'),. <= 10,
integer,objets__g4,Groupe 4 · milieu,Group 4 · middle,"Répartis à l'avant, au milieu et à l'arrière. Combien portent, tiennent ou ont reçu l'objet ?","Spread across front, middle and back. How many wear, hold or received the item?",yes,(((${objets__source} = 'vu') and (${objets__objet} = 'tshirts')) or ((${objets__source} = 'vu') and (${objets__objet} = 'tracts')) or ((${objets__source} = 'vu') and (${objets__objet} = 'nourriture')) or ((${objets__source} = 'vu') and (${objets__objet} = 'argent')) or ((${objets__source} = 'vu') and (${objets__objet} = 'pagnes')) or ((${objets__source} = 'vu') and (${objets__objet} = 'parapluies'))) and (${objets__dispersion} = 'oui'),. <= 10,
integer,objets__g5,Groupe 5 · arrière,Group 5 · back,"Répartis à l'avant, au milieu et à l'arrière. Combien portent, tiennent ou ont reçu l'objet ?","Spread across front, middle and back. How many wear, hold or received the item?",yes,(((${objets__source} = 'vu') and (${objets__objet} = 'tshirts')) or ((${objets__source} = 'vu') and (${objets__objet} = 'tracts')) or ((${objets__source} = 'vu') and (${objets__objet} = 'nourriture')) or ((${objets__source} = 'vu') and (${objets__objet} = 'argent')) or ((${objets__source} = 'vu') and (${objets__objet} = 'pagnes')) or ((${objets__source} = 'vu') and (${objets__objet} = 'parapluies'))) and (${objets__dispersion} = 'oui'),. <= 10,
select_one l__objets__confiance,objets__confiance,Êtes-vous sûr de votre relevé ?,How sure are you of this record?,Question séparée de la provenance : on peut avoir vu et douter du nombre.,Separate from the source: you can have seen it and still doubt the number.,yes,(((${objets__source} = 'vu') and (${objets__objet} = 'tshirts')) or ((${objets__source} = 'vu') and (${objets__objet} = 'tracts')) or ((${objets__source} = 'vu') and (${objets__objet} = 'nourriture')) or ((${objets__source} = 'vu') and (${objets__objet} = 'argent')) or ((${objets__source} = 'vu') and (${objets__objet} = 'pagnes')) or ((${objets__source} = 'vu') and (${objets__objet} = 'parapluies'))) and (${objets__dispersion} = 'oui'),,
calculate,objets__equipes,,,,,,,,"(if(string-length(${objets__g1}) = 0, 0, number(${objets__g1})) + if(string-length(${objets__g2}) = 0, 0, number(${objets__g2})) + if(string-length(${objets__g3}) = 0, 0, number(${objets__g3})) + if(string-length(${objets__g4}) = 0, 0, number(${objets__g4})) + if(string-length(${objets__g5}) = 0, 0, number(${objets__g5})))"
calculate,objets__part_assistance,,,,,,,,"((if(string-length(${objets__g1}) = 0, 0, number(${objets__g1})) + if(string-length(${objets__g2}) = 0, 0, number(${objets__g2})) + if(string-length(${objets__g3}) = 0, 0, number(${objets__g3})) + if(string-length(${objets__g4}) = 0, 0, number(${objets__g4})) + if(string-length(${objets__g5}) = 0, 0, number(${objets__g5}))) * 2)"
calculate,objets__prov,,,,,,,,"if(${objets__source} = 'vu', 'C', if(${objets__source} = 'dit', 'E', if(${objets__absent} = 'absent', 'C', if(${objets__absent} = 'hors_champ', 'N', if(${objets__dispersion} = 'pas_encore', 'N', '')))))"
calculate,objets__analyste,,,,,,,,"if(${objets__prov} = 'E' or ${objets__confiance} = 'peu', 'oui', 'non')"
text,objets__chemin,Chemin suivi,Path taken,,,,false(),,
text,objets__affichage,Résumé,Summary,,,,false(),,
end_group,p__objets,,,,,,,,
begin_group,p__sono,Estrade et sonorisation,Stage and sound,,,,,,
select_one l__sono__source,sono__source,Comment connaissez-vous ce poste ?,How do you know about this item?,"Répondez pour ce que vous savez maintenant, sur place.","Answer for what you know now, on site.",yes,,,
select_one l__sono__largeur_estrade,sono__largeur_estrade,Largeur de l'estrade,Stage width,Dimensions de l'estrade. Classe de sonorisation telle qu'enseignée en formation.,Stage size. Sound class as taught in training.,yes,${sono__source} = 'vu',,
select_one l__sono__profondeur,sono__profondeur,Profondeur,Depth,Dimensions de l'estrade. Classe de sonorisation telle qu'enseignée en formation.,Stage size. Sound class as taught in training.,yes,${sono__source} = 'vu',,
select_one l__sono__classe_sono,sono__classe_sono,Classe de sonorisation,Sound class,Dimensions de l'estrade. Classe de sonorisation telle qu'enseignée en formation.,Stage size. Sound class as taught in training.,yes,${sono__source} = 'vu',,
select_one l__sono__operateur,sono__operateur,Opérateur présent ?,Operator present?,Dimensions de l'estrade. Classe de sonorisation telle qu'enseignée en formation.,Stage size. Sound class as taught in training.,yes,${sono__source} = 'vu',,
select_one l__sono__rapporte,sono__rapporte,Qui vous l'a dit ?,Who told you?,Vous ne cherchez pas plus loin : la ligne part chez un analyste.,Do not investigate further: the line goes to an analyst.,yes,${sono__source} = 'dit',,
select_one l__sono__absent,sono__absent,"Est-ce absent, ou hors de votre vue ?","Is it absent, or out of sight?",Un objet masqué ou hors champ n'est pas un zéro.,Something hidden or out of frame is not a zero.,yes,${sono__source} = 'pas_vu',,
select_one l__sono__confiance,sono__confiance,Êtes-vous sûr de votre relevé ?,How sure are you of this record?,Question séparée de la provenance : on peut avoir vu et douter du nombre.,Separate from the source: you can have seen it and still doubt the number.,yes,${sono__source} = 'vu',,
calculate,sono__surface_estrade,,,,,,,,(number(${sono__largeur_estrade}) * number(${sono__profondeur}))
calculate,sono__prov,,,,,,,,"if(${sono__source} = 'vu', 'C', if(${sono__source} = 'dit', 'E', if(${sono__absent} = 'absent', 'C', if(${sono__absent} = 'hors_champ', 'N', ''))))"
calculate,sono__analyste,,,,,,,,"if(${sono__prov} = 'E' or ${sono__confiance} = 'peu', 'oui', 'non')"
text,sono__chemin,Chemin suivi,Path taken,,,,false(),,
text,sono__affichage,Résumé,Summary,,,,false(),,
end_group,p__sono,,,,,,,,
begin_group,p__services,Services,Services,,,,,,
select_one l__services__source,services__source,Comment connaissez-vous ce poste ?,How do you know about this item?,"Répondez pour ce que vous savez maintenant, sur place.","Answer for what you know now, on site.",yes,,,
select_one l__services__comptable,services__comptable,Pouvez-vous compter les agents ?,Can you count the staff?,"Sécurité, hôtesses, photographes.","Security, hosts, photographers.",yes,${services__source} = 'vu',,
select_one l__services__rapporte,services__rapporte,Qui vous l'a dit ?,Who told you?,Vous ne cherchez pas plus loin : la ligne part chez un analyste.,Do not investigate further: the line goes to an analyst.,yes,${services__source} = 'dit',,
select_one l__services__absent,services__absent,"Est-ce absent, ou hors de votre vue ?","Is it absent, or out of sight?",Un objet masqué ou hors champ n'est pas un zéro.,Something hidden or out of frame is not a zero.,yes,${services__source} = 'pas_vu',,
integer,services__securite,Sécurité,Security,Comptage exact : c'est produisible.,Exact count: it can be produced.,yes,(${services__source} = 'vu') and (${services__comptable} = 'oui'),. >= 0,
integer,services__hotesses,Hôtesses,Hosts,Comptage exact : c'est produisible.,Exact count: it can be produced.,yes,(${services__source} = 'vu') and (${services__comptable} = 'oui'),. >= 0,
integer,services__photographes,Photographes,Photographers,Comptage exact : c'est produisible.,Exact count: it can be produced.,yes,(${services__source} = 'vu') and (${services__comptable} = 'oui'),. >= 0,
select_one l__services__espacement,services__espacement,Un agent tous les,One agent every,Estimation structurée pour les cordons de sécurité.,Structured estimate for security cordons.,yes,(${services__source} = 'vu') and (${services__comptable} = 'non'),,
select_one l__services__longueur_cordon,services__longueur_cordon,Sur une longueur de,Over a length of,Estimation structurée pour les cordons de sécurité.,Structured estimate for security cordons.,yes,(${services__source} = 'vu') and (${services__comptable} = 'non'),,
select_one l__services__confiance,services__confiance,Êtes-vous sûr de votre relevé ?,How sure are you of this record?,Question séparée de la provenance : on peut avoir vu et douter du nombre.,Separate from the source: you can have seen it and still doubt the number.,yes,((${services__source} = 'vu') and (${services__comptable} = 'oui')) or ((${services__source} = 'vu') and (${services__comptable} = 'non')),,
calculate,services__total_services,,,,,,,,"(if(string-length(${services__securite}) = 0, 0, number(${services__securite})) + if(string-length(${services__hotesses}) = 0, 0, number(${services__hotesses})) + if(string-length(${services__photographes}) = 0, 0, number(${services__photographes})))"
calculate,services__agents_estimes,,,,,,,,(number(${services__longueur_cordon}) div number(${services__espacement}))
calculate,services__prov,,,,,,,,"if(${services__source} = 'vu', 'C', if(${services__source} = 'dit', 'E', if(${services__absent} = 'absent', 'C', if(${services__absent} = 'hors_champ', 'N', ''))))"
calculate,services__analyste,,,,,,,,"if(${services__prov} = 'E' or ${services__confiance} = 'peu', 'oui', 'non')"
text,services__chemin,Chemin suivi,Path taken,,,,false(),,
text,services__affichage,Résumé,Summary,,,,false(),,
end_group,p__services,,,,,,,,
begin_group,p__artistes,Artistes,Performers,,,,,,
select_one l__artistes__source,artistes__source,Comment connaissez-vous ce poste ?,How do you know about this item?,"Répondez pour ce que vous savez maintenant, sur place.","Answer for what you know now, on site.",yes,,,
integer,artistes__nombre_artistes,Nombre d'artistes,Number of performers,C'est la notoriété qui fait le cachet.,Fame drives the fee.,yes,${artistes__source} = 'vu',. >= 0,
select_one l__artistes__notoriete,artistes__notoriete,Niveau de notoriété,Level of fame,C'est la notoriété qui fait le cachet.,Fame drives the fee.,yes,${artistes__source} = 'vu',,
text,artistes__noms,Noms (facultatif),Names (optional),C'est la notoriété qui fait le cachet.,Fame drives the fee.,,${artistes__source} = 'vu',,
select_one l__artistes__rapporte,artistes__rapporte,Qui vous l'a dit ?,Who told you?,Vous ne cherchez pas plus loin : la ligne part chez un analyste.,Do not investigate further: the line goes to an analyst.,yes,${artistes__source} = 'dit',,
select_one l__artistes__absent,artistes__absent,"Est-ce absent, ou hors de votre vue ?","Is it absent, or out of sight?",Un objet masqué ou hors champ n'est pas un zéro.,Something hidden or out of frame is not a zero.,yes,${artistes__source} = 'pas_vu',,
select_one l__artistes__confiance,artistes__confiance,Êtes-vous sûr de votre relevé ?,How sure are you of this record?,Question séparée de la provenance : on peut avoir vu et douter du nombre.,Separate from the source: you can have seen it and still doubt the number.,yes,${artistes__source} = 'vu',,
calculate,artistes__prov,,,,,,,,"if(${artistes__source} = 'vu', 'C', if(${artistes__source} = 'dit', 'E', if(${artistes__absent} = 'absent', 'C', if(${artistes__absent} = 'hors_champ', 'N', ''))))"
calculate,artistes__analyste,,,,,,,,"if(${artistes__prov} = 'E' or ${artistes__confiance} = 'peu', 'oui', 'non')"
text,artistes__chemin,Chemin suivi,Path taken,,,,false(),,
text,artistes__affichage,Résumé,Summary,,,,false(),,
end_group,p__artistes,,,,,,,,
begin_group,p__imprimes,Supports imprimés,Printed material,,,,,,
select_one l__imprimes__source,imprimes__source,Comment connaissez-vous ce poste ?,How do you know about this item?,"Répondez pour ce que vous savez maintenant, sur place.","Answer for what you know now, on site.",yes,,,
integer,imprimes__affiches,Affiches,Posters,Les tracts se relèvent dans « Objets distribués ».,Leaflets are recorded under “Distributed items”.,yes,${imprimes__source} = 'vu',. >= 0,
integer,imprimes__banderoles,Banderoles,Banners,Les tracts se relèvent dans « Objets distribués ».,Leaflets are recorded under “Distributed items”.,yes,${imprimes__source} = 'vu',. >= 0,
select_one l__imprimes__rapporte,imprimes__rapporte,Qui vous l'a dit ?,Who told you?,Vous ne cherchez pas plus loin : la ligne part chez un analyste.,Do not investigate further: the line goes to an analyst.,yes,${imprimes__source} = 'dit',,
select_one l__imprimes__absent,imprimes__absent,"Est-ce absent, ou hors de votre vue ?","Is it absent, or out of sight?",Un objet masqué ou hors champ n'est pas un zéro.,Something hidden or out of frame is not a zero.,yes,${imprimes__source} = 'pas_vu',,
select_one l__imprimes__confiance,imprimes__confiance,Êtes-vous sûr de votre relevé ?,How sure are you of this record?,Question séparée de la provenance : on peut avoir vu et douter du nombre.,Separate from the source: you can have seen it and still doubt the number.,yes,${imprimes__source} = 'vu',,
calculate,imprimes__prov,,,,,,,,"if(${imprimes__source} = 'vu', 'C', if(${imprimes__source} = 'dit', 'E', if(${imprimes__absent} = 'absent', 'C', if(${imprimes__absent} = 'hors_champ', 'N', ''))))"
calculate,imprimes__analyste,,,,,,,,"if(${imprimes__prov} = 'E' or ${imprimes__confiance} = 'peu', 'oui', 'non')"
text,imprimes__chemin,Chemin suivi,Path taken,,,,false(),,
text,imprimes__affichage,Résumé,Summary,,,,false(),,
end_group,p__imprimes,,,,,,,,
